stiffness,height
2.000000000000000000e+02,-1.423167278596304541e-01
2.054663359774408491e+02,-1.438853769258763293e-01
2.110820760999730226e+02,-1.454863299340471983e-01
2.168513038338637386e+02,-1.471791292878741331e-01
2.227782142533737328e+02,-1.488546450704388846e-01
2.288671170911899537e+02,-1.505445858735416920e-01
2.351224398722336275e+02,-1.522766546919491759e-01
2.415487311331199294e+02,-1.540684373153213826e-01
2.481506637296104714e+02,-1.557750784862523830e-01
2.549330382344654140e+02,-1.575868886886189202e-01
2.619007864281622346e+02,-1.594597839261986394e-01
2.690589748850237584e+02,-1.613636179107960089e-01
2.764128086573605287e+02,-1.632037571854292324e-01
2.839676350603065771e+02,-1.650972266164938418e-01
2.917289475601009485e+02,-1.670463551820811077e-01
2.997023897686446503e+02,-1.689525425277880188e-01
3.078937595472312978e+02,-1.708611369343584485e-01
3.163090132224440367e+02,-1.728248232067732815e-01
3.249542699172773155e+02,-1.748937878774761145e-01
3.338358160006361572e+02,-1.769918843253206475e-01
3.429601096584491415e+02,-1.789710669625685924e-01
3.523337855897142958e+02,-1.812075862643922619e-01
3.619636598308992461e+02,-1.832077629077932812e-01
3.718567347121982039e+02,-1.855311008651394644e-01
3.820202039492526751e+02,-1.875546819015827538e-01
3.924614578740381035e+02,-1.898196788834969340e-01
4.031880888087167705e+02,-1.921485141148844278e-01
4.142078965863702251e+02,-1.943061951934925702e-01
4.255288942226210906e+02,-1.965863287213345245e-01
4.371593137422693189e+02,-1.989522069696096906e-01
4.491076121651828430e+02,-2.013669288035568883e-01
4.613824776557883069e+02,-2.038066144291930115e-01
4.739928358406414191e+02,-2.062548475513628077e-01
4.869478562986659540e+02,-2.087015008424613072e-01
5.002569592287813975e+02,-2.111510672628211793e-01
5.139298222997680341e+02,-2.136174392709859760e-01
5.279763876873530535e+02,-2.161261151858919760e-01
5.424068693036261948e+02,-2.187155916439307290e-01
5.572317602240534598e+02,-2.214383738911358535e-01
5.724618403174800960e+02,-2.241540696433794722e-01
5.881081840846771911e+02,-2.266749341391527395e-01
6.041821687111246320e+02,-2.294557240030092871e-01
6.206954823398938288e+02,-2.323008066710530173e-01
6.376601325706416219e+02,-2.349361742713380607e-01
6.550884551908945923e+02,-2.380550679917856627e-01
6.729931231459752325e+02,-2.406229867955422819e-01
6.913871557540900312e+02,-2.438027224548129368e-01
7.102839281732854033e+02,-2.464741927518501186e-01
7.296971811271436081e+02,-2.495555417582746571e-01
7.496410308963052103e+02,-2.526063026246463394e-01
7.701299795830767607e+02,-2.554963138831300995e-01
7.911789256565804180e+02,-2.587112504543611635e-01
8.128031747861282383e+02,-2.620126818869508156e-01
8.350184509706859899e+02,-2.649505456457239561e-01
8.578409079725258835e+02,-2.680882714548316059e-01
8.812871410633795222e+02,-2.713777191507578124e-01
9.053741990916322493e+02,-2.747749142911146691e-01
9.301195968793385873e+02,-2.782407193301468240e-01
9.555413279580600374e+02,-2.817446195931623265e-01
9.816578776528036769e+02,-2.851394636735253840e-01
1.008488236523561341e+03,-2.885731962652204885e-01
1.036051914174234525e+03,-2.920995534773140889e-01
1.064368953438969811e+03,-2.957229535452130520e-01
1.093459944956242225e+03,-2.992274863276289665e-01
1.123346042141266025e+03,-3.027192286830286960e-01
1.154048976567628870e+03,-3.062559700433560295e-01
1.185591073769329796e+03,-3.098824575268332993e-01
1.217995269474719862e+03,-3.136549345547798850e-01
1.251285126284131820e+03,-3.176412292578989494e-01
1.285484850803349673e+03,-3.218889423486546164e-01
1.320619311245355675e+03,-3.253730356495729836e-01
1.356714055513173889e+03,-3.291919088351162870e-01
1.393795329776930657e+03,-3.334719673106931737e-01
1.431890097558673688e+03,-3.375806816242423736e-01
1.471026059338804998e+03,-3.413635908503316330e-01
1.511231672698388593e+03,-3.458819283668210787e-01
1.552536173011985056e+03,-3.499045714694553055e-01
1.594969594706052249e+03,-3.540707271259702082e-01
1.638562793098381690e+03,-3.587770080439227627e-01
1.683347466834429952e+03,-3.626788611232383275e-01
1.729356180936884584e+03,-3.677544860522781178e-01
1.776622390485207688e+03,-3.715624180971088819e-01
1.825180464942388880e+03,-3.767200650972997167e-01
1.875065713146572762e+03,-3.806995260906003153e-01
1.926314408985766931e+03,-3.856863133399919263e-01
1.978963817774274958e+03,-3.902117348231302074e-01
2.033052223350040776e+03,-3.948176071996023495e-01
2.088618955912612819e+03,-4.003877631394674452e-01
2.145704420621960708e+03,-4.044549105657733179e-01
2.204350126978959452e+03,-4.095227631138120827e-01
2.264598719008865828e+03,-4.151432271800405971e-01
2.326494006269786496e+03,-4.194371605072220177e-01
2.390080995708651699e+03,-4.245135612254156143e-01
2.455405924387850973e+03,-4.302945006803948758e-01
2.522516293106364174e+03,-4.353758823933251421e-01
2.591460900939804105e+03,-4.401661807809587046e-01
2.662289880724496470e+03,-4.454832955818668339e-01
2.735054735511401759e+03,-4.512594344718561246e-01
2.809808376016378133e+03,-4.574268037181221658e-01
2.886605159094042847e+03,-4.625255629180093919e-01
2.965500927263153244e+03,-4.676917884371265544e-01
3.046553049312314215e+03,-4.731502153499098640e-01
3.129820462015503836e+03,-4.788487154529637024e-01
3.215363712987733379e+03,-4.847414673972556542e-01
3.303245004712046011e+03,-4.907848773871599235e-01
3.393528239769842003e+03,-4.969396744835377078e-01
3.486279067307418700e+03,-5.031713423097627924e-01
3.581564930772526168e+03,-5.094486829272235617e-01
3.679455116955637095e+03,-5.157497840285705237e-01
3.780020806371600429e+03,-5.220572686125994899e-01
3.883335125018320468e+03,-5.283604111808291037e-01
3.989473197550057193e+03,-5.346546168339609828e-01
4.098512201904071844e+03,-5.409440149031916611e-01
4.210531425420314008e+03,-5.472428556704440616e-01
4.325612322494916043e+03,-5.535732172400082973e-01
4.443838573809493028e+03,-5.599646917569467419e-01
4.565296147179264153e+03,-5.664615241533774714e-01
4.690073360064254302e+03,-5.731180718703603461e-01
4.818260943789034172e+03,-5.799995301021203531e-01
4.949952109517689678e+03,-5.871838686879105040e-01
5.085242616032018304e+03,-5.947657479325441088e-01
5.224230839362174265e+03,-6.028526702287066996e-01
5.367017844320474978e+03,-6.096040732655310102e-01
5.513707457990355579e+03,-6.159344909968282877e-01
5.664406345223837889e+03,-6.228136365398002638e-01
5.819224086202543731e+03,-6.303986686939619943e-01
5.978273256118540303e+03,-6.388646076098218884e-01
6.141669507033006084e+03,-6.473433963522827739e-01
6.309531651972235522e+03,-6.534727978045862251e-01
6.481981751322123273e+03,-6.606714275894880473e-01
6.659145201583951348e+03,-6.691822128521813795e-01
6.841150826556056018e+03,-6.792044041263549659e-01
7.028130971007561129e+03,-6.850233159914842496e-01
7.220221596912485438e+03,-6.924835144835910228e-01
7.417562382313974922e+03,-7.019122348334665418e-01
7.620296822890748444e+03,-7.106948260218031166e-01
7.828572336299477683e+03,-7.172818336609383394e-01
8.042540369369036853e+03,-7.263458567121929832e-01
8.262356508224547724e+03,-7.367714390570974103e-01
8.488180591421300051e+03,-7.428941767105725624e-01
8.720176826170796630e+03,-7.521527471052955605e-01
8.958513907743514210e+03,-7.627420905740369683e-01
9.203365142135025962e+03,-7.690974439921780537e-01
9.454908572084903426e+03,-7.794166172439935814e-01
9.713327106539911256e+03,-7.886119125610999703e-01
9.978808653655563830e+03,-7.962415799262347882e-01
1.025154625743294127e+04,-8.088614331782859601e-01
1.053173823808996349e+04,-8.150355102372741634e-01
1.081958833626926571e+04,-8.253878433116876856e-01
1.111530586118750580e+04,-8.353277235573548509e-01
1.141910584283384742e+04,-8.434624473391232335e-01
1.173120918832826101e+04,-8.566716625368688831e-01
1.205184284255350212e+04,-8.627041856549646504e-01
1.238123995317704248e+04,-8.763073518164956610e-01
1.271964004018394007e+04,-8.827756882974395758e-01
1.306728917004271170e+04,-8.952482703040325340e-01
1.342444013463185001e+04,-9.033917084153091359e-01
1.379135263505654257e+04,-9.150910787570443183e-01
1.416829347048945783e+04,-9.243355674187681004e-01
1.455553673217284086e+04,-9.357182847030238726e-01
1.495336400272303217e+04,-9.454649807159500874e-01
1.536206456088229970e+04,-9.570966740376780635e-01
1.578193559186686616e+04,-9.667253027029341084e-01
1.621328240346427810e+04,-9.792933770556113693e-01
1.665641864803657154e+04,-9.881684119972224956e-01
1.711166655059196637e+04,-1.002494046262718097e+00
1.757935714308932438e+04,-1.009964478828066614e+00
1.805983050514707793e+04,-1.027016986975910040e+00
1.855343601133092307e+04,-1.032418281154321882e+00
1.906053258520034433e+04,-1.048780118294842634e+00
1.958148896029866592e+04,-1.055988105817919909e+00
2.011668394827633165e+04,-1.069426664850675390e+00
2.066650671434271862e+04,-1.081305530540251691e+00
2.123135706024584579e+04,-1.091119644899789520e+00
2.181164571498746591e+04,-1.109196848733222218e+00
2.240779463348256468e+04,-1.114681576136320018e+00
2.302023730338312089e+04,-1.130755511081575015e+00
2.364941906028666563e+04,-1.141158299653718178e+00
2.429579741156076489e+04,-1.151957752406084445e+00
2.495984236901790791e+04,-1.171840809182985943e+00
2.564203679068298152e+04,-1.176647642433740870e+00
2.634287673190184069e+04,-1.191751503220024766e+00
2.706287180604620517e+04,-1.206406127833435704e+00
2.780254555507756231e+04,-1.214521547649750843e+00
2.856243583023829342e+04,-1.232850682752338223e+00
2.934309518314923844e+04,-1.243537862479350942e+00
3.014509126759477658e+04,-1.253860860159216273e+00
3.096900725229123054e+04,-1.274275029774700752e+00
3.181544224493535876e+04,-1.282659836858348168e+00
3.268501172784376467e+04,-1.294032106477426058e+00
3.357834800549870124e+04,-1.315340386492796387e+00
3.449610066432606254e+04,-1.323550158512829089e+00
3.543893704504027119e+04,-1.334768062753798112e+00
3.640754272789801325e+04,-1.355738317533777604e+00
3.740262203121671337e+04,-1.366414473565500831e+00
3.842489852351593436e+04,-1.376239130150974876e+00
3.947511554965897813e+04,-1.395604907375559645e+00
4.055403677137265186e+04,-1.411981152894487224e+00
4.166244672254171746e+04,-1.419153896363136269e+00
4.280115137967992632e+04,-1.435622233948515181e+00
4.397097874799311103e+04,-1.461504518688305332e+00
4.517277946346031240e+04,-1.464850383454627369e+00
4.640742741137078701e+04,-1.477114573017229482e+00
4.767582036176713882e+04,-1.498528869664895513e+00
4.897888062225470640e+04,-1.515402996779505962e+00
5.031755570865586196e+04,-1.522166898096063203e+00
5.169281903399130533e+04,-1.537773003777678671e+00
5.310567061629553064e+04,-1.562327368367941727e+00
5.455713780577541911e+04,-1.573740247476618226e+00
5.604827603184495820e+04,-1.582226412039525520e+00
5.758016957057700347e+04,-1.599332519161727806e+00
5.915393233313094970e+04,-1.625142049765676777e+00
6.077070867572942370e+04,-1.635906979030389063e+00
6.243167423177287128e+04,-1.644255294868003148e+00
6.413803676669803826e+04,-1.660955365697648123e+00
6.589103705619902757e+04,-1.686082073197826769e+00
6.769194978845510923e+04,-1.702362470976099385e+00
6.954208449101370934e+04,-1.708674463628871099e+00
7.144278648301100475e+04,-1.723028094277269329e+00
7.339543785341453622e+04,-1.745500466400054851e+00
7.540145846600526420e+04,-1.775010181961583555e+00
7.746230699182643730e+04,-1.777394052482022868e+00
7.957948196985137474e+04,-1.787456262034256227e+00
8.175452289664089039e+04,-1.805292515312963086e+00
8.398901134578281199e+04,-1.830938934929770223e+00
8.628457211792867747e+04,-1.854118727147503254e+00
8.864287442226010899e+04,-1.857995614341244828e+00
9.106563309025115450e+04,-1.869243200345134248e+00
9.355460982259929006e+04,-1.887935849530613108e+00
9.611161447024285735e+04,-1.914086684951942008e+00
9.873850635038592736e+04,-1.940575708515458242e+00
1.014371955984953383e+05,-1.943395252927154981e+00
1.042096445572491357e+05,-1.953214709676595717e+00
1.070578692034469859e+05,-1.970101442139910564e+00
1.099839406139219936e+05,-1.994070440386989329e+00
1.129899864715147560e+05,-2.025077208471945500e+00
1.160781926122139703e+05,-2.035596030087048813e+00
1.192508046145759727e+05,-2.041400884209041422e+00
1.225101294325931085e+05,-2.053848766219103616e+00
1.258585370731846924e+05,-2.072970828903850649e+00
1.292984623195407912e+05,-2.098747523182562080e+00
1.328324065015662054e+05,-2.131101485615671809e+00
1.364629393147139926e+05,-2.139385398296628882e+00
1.401927006885307201e+05,-2.144875396271475498e+00
1.440244027062719979e+05,-2.156578001116240095e+00
1.479608315769858891e+05,-2.174512941795195609e+00
1.520048496614923060e+05,-2.198650193483941084e+00
1.561593975537431252e+05,-2.228910660517675613e+00
1.604274962190603546e+05,-2.253255002342274604e+00
1.648122491908253869e+05,-2.255203101130704102e+00
1.693168448271991510e+05,-2.262869669089599078e+00
1.739445586295275716e+05,-2.276287215340309533e+00
1.786987556241108396e+05,-2.295443220113802862e+00
1.835828928090707632e+05,-2.320282205467678160e+00
1.886005216680951999e+05,-2.350696674005035458e+00
1.937552907528869109e+05,-2.379702929936183153e+00
1.990509483361973835e+05,-2.380302289161859264e+00
2.044913451373663265e+05,-2.386101934686169823e+00
2.100804371223650523e+05,-2.397131113824678916e+00
2.158222883803570003e+05,-2.413377614249829328e+00
2.217210740788927942e+05,-2.434788600574128381e+00
2.277810834998641803e+05,-2.461269667771066150e+00
2.340067231584429974e+05,-2.492684351118575670e+00
2.404025200072631706e+05,-2.519319511680218060e+00
2.469731247281783726e+05,-2.519520657347691817e+00
2.537233151139920228e+05,-2.524369987139652327e+00
2.606579995426073438e+05,-2.533882495917756827e+00
2.677822205461454578e+05,-2.548038333038921355e+00
2.751011584775968222e+05,-2.566780994342899191e+00
2.826201352777061402e+05,-2.590022275422411369e+00
2.903446183447941439e+05,-2.617631140450903615e+00
2.982802245103665045e+05,-2.649446968230124266e+00
3.064327241233672830e+05,-2.674012398784419098e+00
3.148080452460710658e+05,-2.673557851115887285e+00
3.234122779646531562e+05,-2.677145116573290018e+00
3.322516788175738766e+05,-2.684780379974220033e+00
3.413326753450027318e+05,-2.696436060810269097e+00
3.506618707625746028e+05,-2.712061036677958725e+00
3.602460487629061681e+05,-2.731569698424696213e+00
3.700921784483233350e+05,-2.754847703669161874e+00
3.802074193984309677e+05,-2.781752140639888182e+00
3.905991268761688261e+05,-2.812107562565762109e+00
4.012748571761697531e+05,-2.845716302714106583e+00
4.122423731192923733e+05,-2.843912599030150368e+00
4.235096496973302565e+05,-2.844863423472790309e+00
4.350848798719996703e+05,-2.849200542321159269e+00
4.469764805324229528e+05,-2.856905518772387076e+00
4.591930986154452548e+05,-2.867934076715081382e+00
4.717436173932150123e+05,-2.882222202184248960e+00
4.846371629326390685e+05,-2.899679025356314721e+00
4.978831107313557295e+05,-2.920193241062523093e+00
5.114910925351105980e+05,-2.943626243479254612e+00
5.254710033414366189e+05,-2.969824617150364165e+00
5.398330085947727785e+05,-2.998608976238315904e+00
5.545875515782313887e+05,-3.029786582829216535e+00
5.697453610073958989e+05,-3.031906459527300868e+00
5.853174588316696463e+05,-3.030889469041674111e+00
6.013151682488474762e+05,-3.032551977878120031e+00
6.177501219387465389e+05,-3.036879805345845895e+00
6.346342705218563788e+05,-3.043838722234517569e+00
6.519798912492104573e+05,-3.053378061808902366e+00
6.697995969297266565e+05,-3.065429312540898010e+00
6.881063451015884057e+05,-3.079908882701385409e+00
7.069134474542590324e+05,-3.096713360816099936e+00
7.262345795080388198e+05,-3.115726673535572644e+00
7.460837905581708765e+05,-3.136820881486554136e+00
7.664755138907370856e+05,-3.159850619781762848e+00
7.874245772777806269e+05,-3.184662080023111130e+00
8.089462137592523359e+05,-3.211089203199119169e+00
8.310560727196878288e+05,-3.238958414903468697e+00
8.537702312675776193e+05,-3.234912719089257926e+00
8.771052059258073568e+05,-3.232552819519435072e+00
9.010779646415718598e+05,-3.232138143722040446e+00
9.257059391245687148e+05,-3.233654095640277504e+00
9.510070375224051531e+05,-3.237077114898696095e+00
9.769996574424458668e+05,-3.242369712219598465e+00
1.003702699329570984e+06,-3.249481970211978599e+00
1.031135580209567444e+06,-3.258356541121902872e+00
1.059318247808163986e+06,-3.268924510817125650e+00
1.088271195055928547e+06,-3.281105673308077897e+00
1.118015474989664741e+06,-3.294816497660522980e+00
1.148572716061020503e+06,-3.309959041174510563e+00
1.179965137863576878e+06,-3.326432943943051335e+00
1.212215567289724946e+06,-3.344130964760647196e+00
1.245347455129173351e+06,-3.362940817651489667e+00
1.279384893121108180e+06,-3.382742852622368179e+00
1.314352631472419249e+06,-3.403419842824690456e+00
1.350276096854727948e+06,-3.424849837227974092e+00
1.387181410893301945e+06,-3.446907019224617841e+00
1.425095409161320888e+06,-3.448588914716091303e+00
1.464045660693239421e+06,-3.444080553690678670e+00
1.504060488031560322e+06,-3.440793249471473914e+00
1.545168987821427872e+06,-3.438722349771690112e+00
1.587401051968198502e+06,-3.437860466492185907e+00
1.630787389373204438e+06,-3.438189067216466555e+00
1.675359548263642238e+06,-3.439687311125712466e+00
1.721149939132755157e+06,-3.442325187528632924e+00
1.768191858307009097e+06,-3.446071425574318337e+00
1.816519512157420628e+06,-3.450885476386053696e+00
1.866168041972563602e+06,-3.456726720196604319e+00
1.917173549511492252e+06,-3.463546442994038799e+00
1.969573123254951322e+06,-3.471295027039302816e+00
2.023404865374196786e+06,-3.479917117261906334e+00
2.078707919436815660e+06,-3.489356908936334989e+00
2.135522498869859148e+06,-3.499555125573547087e+00
2.193889916200892068e+06,-3.510449656491633874e+00
2.253852613098260481e+06,-3.521979421242352970e+00
2.315454191232400481e+06,-3.534079312921266425e+00
2.378739443980650045e+06,-3.546685378579615744e+00
2.443754388998595066e+06,-3.559734985377189354e+00
2.510546301681654993e+06,-3.573163324029978494e+00
2.579163749541216996e+06,-3.586908372534470146e+00
2.649656627520358656e+06,-3.600907345624128286e+00
2.722076194274754263e+06,-3.615099848845508390e+00
2.796475109445250593e+06,-3.629427993758076898e+00
2.872907471949142404e+06,-3.643836357790820379e+00
2.951428859318013769e+06,-3.655229338045780096e+00
3.032096368110749871e+06,-3.648609729967026372e+00
3.114968655431107152e+06,-3.642547777174307111e+00
3.200105981580025051e+06,-3.637052836637863606e+00
3.287570253873697482e+06,-3.632129531048819970e+00
3.377425071659260895e+06,-3.627778996955438817e+00
3.469735772560869809e+06,-3.624002732726221865e+00
3.564569479989684653e+06,-3.620796755744147610e+00
3.661995151952460408e+06,-3.618158325738555448e+00
3.762083631194118876e+06,-3.616080403961589695e+00
3.864907696710806806e+06,-3.614553712348381520e+00
3.970542116670898627e+06,-3.613570108503785239e+00
4.079063702782409731e+06,-3.613117021099261805e+00
4.190551366146372166e+06,-3.613180442247732049e+00
4.305086174636770971e+06,-3.613746007351830158e+00
4.422751411848762073e+06,-3.614799034630609587e+00
4.543632637658093125e+06,-3.616320768800494356e+00
4.667817750435617752e+06,-3.618295034042424696e+00
4.795397050962333567e+06,-3.620701737994891367e+00
4.926463308091278188e+06,-3.623520846026993425e+00
5.061111826204086654e+06,-3.626732420273428126e+00
5.199440514511239715e+06,-3.630316656999629910e+00
5.341549958246421069e+06,-3.634252695829812474e+00
5.487543491806721315e+06,-3.638517527893683212e+00
5.637527273891893215e+06,-3.643090826961025819e+00
5.791610364697289653e+06,-3.647951372330816344e+00
5.949904805216597393e+06,-3.653077233833883497e+00
6.112525698712115176e+06,-3.658447022583591224e+00
6.279591294411623850e+06,-3.664039912793831455e+00
6.451223073492956348e+06,-3.669835661092679224e+00
6.627545837418611161e+06,-3.675812341244816039e+00
6.808687798684709705e+06,-3.681950985375541663e+00
6.994780674050273374e+06,-3.688232347589248228e+00
7.185959780314616859e+06,-3.694637211475506167e+00
7.382364132712500170e+06,-3.701146358339968856e+00
7.584136545998576097e+06,-3.707743705904647413e+00
7.791423738294639625e+06,-3.714411748924555390e+00
8.004376437775272876e+06,-3.721133447187980892e+00
8.223149492269226350e+06,-3.727892919827211493e+00
8.447901981856554747e+06,-3.734676049132938047e+00
8.678797334543135017e+06,-3.741468608387782169e+00
8.916003445096788928e+06,-3.748257178535297385e+00
9.159692797131383792e+06,-3.755029135231807480e+00
9.410042588527709246e+06,-3.761771894252378790e+00
9.667234860282307491e+06,-3.768474572039050674e+00
9.931456628877963871e+06,-3.775127172064974168e+00
1.020290002227210812e+07,-3.781720129048272927e+00
1.048176241960197687e+07,-3.788244587591867774e+00
1.076824659470826387e+07,-3.794692382599381908e+00
1.106256086358130723e+07,-3.791186605923889896e+00
1.136491923583742417e+07,-3.781792681822271796e+00
1.167554157033526152e+07,-3.772378069511719723e+00
1.199465373504541069e+07,-3.762951181370481013e+00
1.232248777128952928e+07,-3.753520937744315500e+00
1.265928206246840395e+07,-3.744097111588493565e+00
1.300528150740161538e+07,-3.734687421486028391e+00
1.336073769840489328e+07,-3.725299391053413789e+00
1.372590910423456877e+07,-3.715940348602901899e+00
1.410106125803236850e+07,-3.706617427134084153e+00
1.448646695040676743e+07,-3.697337564637620311e+00
1.488240642779184692e+07,-3.688107504694074557e+00
1.528916759622752480e+07,-3.678933199027890844e+00
1.570704623070942983e+07,-3.669818120298494524e+00
1.613634619026069716e+07,-3.660771192210046543e+00
1.657737963888200931e+07,-3.651793200280029073e+00
1.703046727254058793e+07,-3.642892496496366928e+00
1.749593855236317590e+07,-3.634071345800603314e+00
1.797413194420256093e+07,-3.625333460356159776e+00
1.846539516475183889e+07,-3.616683698290801718e+00
1.897008543438556418e+07,-3.608125159487656219e+00
1.948856973691110313e+07,-3.599660810129266419e+00
2.002122508641981333e+07,-3.591293485543852526e+00
2.056843880143149942e+07,-3.583025893102874004e+00
2.113060878653177619e+07,-3.574860615161294941e+00
2.170814382170700654e+07,-3.566800112032280090e+00
2.230146385958729312e+07,-3.558844371760057523e+00
2.291100033081358671e+07,-3.550996830367009416e+00
2.353719645775100961e+07,-3.543260047133918622e+00
2.418050757677644864e+07,-3.535631618613461313e+00
2.484140146937501803e+07,-3.528117264781576612e+00
2.552035870228549838e+07,-3.520713356444805875e+00
2.621787297694298998e+07,-3.513424266235871229e+00
2.693445148847217858e+07,-3.506249587944220814e+00
2.767061529449253157e+07,-3.499188002334863157e+00
2.842689969400357455e+07,-3.492241814687635060e+00
2.920385461662574485e+07,-3.485410883022254325e+00
3.000204502247980982e+07,-3.478695017864542827e+00
3.082205131299571320e+07,-3.472093984590735261e+00
3.166446975294949487e+07,-3.465607505710792680e+00
3.252991290403510258e+07,-3.459235263090147505e+00
3.341901007028682157e+07,-3.452976900109634428e+00
3.433240775567515194e+07,-3.446832023763472641e+00
3.527077013421023637e+07,-3.440800206695301178e+00
3.623477953289362788e+07,-3.434880989172397037e+00
3.722513692787009478e+07,-3.429072570645629092e+00
3.824256245413998514e+07,-3.423374034659446785e+00
3.928779592920295149e+07,-3.417786145280139465e+00
4.036159739101373404e+07,-3.412306598431042559e+00
4.146474765064113587e+07,-3.406934104067294911e+00
4.259804886003207415e+07,-3.401669446379267825e+00
4.376232509529395401e+07,-3.396508440981194088e+00
4.495842295591828972e+07,-3.391453256304340247e+00
4.618721218038298190e+07,-3.386499772326834634e+00
4.744958627857958525e+07,-3.381648656478217774e+00
4.874646318152599782e+07,-3.376898683820479974e+00
5.007878590883684903e+07,-3.372246260569971454e+00
5.144752325443701446e+07,-3.367692608085771866e+00
5.285367049101677537e+07,-3.363236087121671325e+00
5.429825009374101460e+07,-3.358873449614113937e+00
5.578231248373838514e+07,-3.354604405171235371e+00
5.730693679191191494e+07,-3.350427974592212976e+00
5.887323164362470061e+07,-3.346342585845885509e+00
6.048233596483346820e+07,-3.342346686406734158e+00
6.213541981025463343e+07,-3.338438743539780873e+00
6.383368521416555345e+07,-3.334617244550466708e+00
6.557836706445968896e+07,-3.330880697001047608e+00
6.737073400059106946e+07,-3.327227628895274236e+00
6.921208933606120944e+07,-3.323656588832909264e+00
7.110377200611901283e+07,-3.320166146135598240e+00
7.304715754136301577e+07,-3.316754890945652789e+00
7.504365906795357168e+07,-3.313421434299134383e+00
7.709472833516335487e+07,-3.310164408174642858e+00
7.920185677101100981e+07,-3.306982465519181513e+00
8.136657656674848497e+07,-3.303874280252379947e+00
8.359046179098853469e+07,-3.300838547250299904e+00
8.587512953428341448e+07,-3.297873240935556893e+00
8.822224108498664200e+07,-3.294976395949180237e+00
9.063350313725323975e+07,-3.292148019165486161e+00
9.311066903205657005e+07,-3.289386893467247663e+00
9.565554003212414682e+07,-3.286691006598976728e+00
9.826996663171961904e+07,-3.284057880767655035e+00
1.009558499022240043e+08,-3.281488301490511184e+00
1.037151428744920194e+08,-3.278980810043931271e+00
1.065498519589934945e+08,-3.276531501918527489e+00
1.094620384047659338e+08,-3.274142242192945140e+00
1.124538197982456088e+08,-3.271810618073758725e+00
1.155273716030643731e+08,-3.269534344806025228e+00
1.186849287419296503e+08,-3.267314821361989807e+00
1.219287872217399627e+08,-3.265147281781326072e+00
1.252613058031193316e+08,-3.263033887438322900e+00
1.286849077155831158e+08,-3.260971312667631850e+00
1.322020824195795655e+08,-3.258959612293747199e+00
1.358153874166935682e+08,-3.256997106652710805e+00
1.395274501093235612e+08,-3.255082851109967201e+00
1.433409697111891508e+08,-3.253215729286715430e+00
1.472587192100564837e+08,-3.251394849432886147e+00
1.512835473841057420e+08,-3.249618629217745358e+00
1.554183808734091222e+08,-3.247887229910601192e+00
1.596662263080283999e+08,-3.246197624995246223e+00
1.640301724942770004e+08,-3.244551873467117709e+00
1.685133926607338190e+08,-3.242944891989650635e+00
1.731191467656433880e+08,-3.241379570700916091e+00
1.778507838673882186e+08,-3.239852949470012788e+00
1.827117445597396493e+08,-3.238364236370306681e+00
1.877055634736786783e+08,-3.236914283259713976e+00
1.928358718475889564e+08,-3.235498892172070207e+00
1.981064001676975787e+08,-3.234120038789347618e+00
2.035209808806870580e+08,-3.232776871811723574e+00
2.090835511804473698e+08,-3.231465716575640634e+00
2.147981558709916472e+08,-3.230188791620168587e+00
2.206689503076198399e+08,-3.228945104909884734e+00
2.267002034184726179e+08,-3.227730980853333875e+00
2.328963008086698949e+08,-3.226548600433323699e+00
2.392617479492859840e+08,-3.225397148029215622e+00
2.458011734534893036e+08,-3.224273791241072828e+00
2.525193324422197342e+08,-3.223179084760205981e+00
2.594211100018604398e+08,-3.222113050716270521e+00
2.665115247364139259e+08,-3.221074705603642396e+00
2.737957324167608619e+08,-3.220061283228969451e+00
2.812790297296589613e+08,-3.219074436573189590e+00
2.889668581292127967e+08,-3.218113478650718839e+00
2.968648077936109900e+08,-3.217177563165913412e+00
3.049786216900017262e+08,-3.216264112378224738e+00
3.133141997504742146e+08,-3.215374651020958652e+00
3.218776031621704102e+08,-3.214508557119176935e+00
3.306750587746587396e+08,-3.213665224403892573e+00
3.397129636277694106e+08,-3.212842888650523143e+00
3.489978896031777859e+08,-3.212041326524202045e+00
3.585365882031223774e+08,-3.211260849757042735e+00
3.683359954597396851e+08,-3.210500909870735775e+00
3.784032369785792232e+08,-3.209760972331330287e+00
3.887456331199604273e+08,-3.209039694286790922e+00
3.993707043219445348e+08,-3.208336466955103106e+00
4.102861765687983036e+08,-3.207651764662785343e+00
4.214999870089207888e+08,-3.206985104150446020e+00
4.330202897263084650e+08,-3.206336014517419120e+00
4.448554616697732210e+08,-3.205704036918705313e+00
4.570141087442068458e+08,-3.205087908447991296e+00
4.695050720683384538e+08,-3.204487338571555988e+00
4.823374344035280347e+08,-3.203902612816496465e+00
4.955205267582616210e+08,-3.203333316636985284e+00
5.090639351731582880e+08,-3.202779046152886444e+00
5.229775076914303899e+08,-3.202239407884793998e+00
5.372713615198593140e+08,-3.201714018495151137e+00
5.519558903854813576e+08,-3.201201881378289205e+00
5.670417720933552980e+08,-3.200702646362678649e+00
5.825399762908850908e+08,-3.200216601131626426e+00
5.984617724443657398e+08,-3.199743399589511039e+00
6.148187380335427523e+08,-3.199282704597665727e+00
6.316227669701317549e+08,-3.198834187749095115e+00
6.488860782464308739e+08,-3.198397529148520491e+00
6.666212248203241825e+08,-3.197972417197632922e+00
6.848411027431279421e+08,-3.197558548385472044e+00
7.035589605369044542e+08,-3.197154823175352600e+00
7.227884088280717134e+08,-3.196761592891374182e+00
7.425434302443437576e+08,-3.196378767342808125e+00
7.628383895821270943e+08,-3.196006072695771305e+00
7.836880442518546581e+08,-3.195643242246112070e+00
8.051075550087770224e+08,-3.195290016237819053e+00
8.271124969770482779e+08,-3.194946141685839791e+00
8.497188709751293659e+08,-3.194611372203211452e+00
8.729431151507363319e+08,-3.194285467832442826e+00
8.968021169337768555e+08,-3.193968194880971279e+00
9.213132253159798384e+08,-3.193659325760701773e+00
9.464942634661618471e+08,-3.193358294715307633e+00
9.723635416902921200e+08,-3.193064853145607174e+00
9.989398707457572222e+08,-3.192779186827390703e+00
1.026242575519547582e+09,-3.192501090559137999e+00
1.054291509080269933e+09,-3.192230364512082641e+00
1.083107067114247084e+09,-3.191966814091804938e+00
1.112710202756180048e+09,-3.191710249803227484e+00
1.143122441825140238e+09,-3.191460487119034184e+00
1.174365898476986647e+09,-3.191217346351316486e+00
1.206463291284605980e+09,-3.190980652526504535e+00
1.239437959757657051e+09,-3.190750235263365653e+00
1.273313881313800335e+09,-3.190525928654134979e+00
1.308115688713805199e+09,-3.190307571148583321e+00
1.343868687973163366e+09,-3.190095005441028864e+00
1.380598876763280153e+09,-3.189888078360227475e+00
1.418332963315604687e+09,-3.189686640762002590e+00
1.457098385842419624e+09,-3.189490510243830457e+00
1.496923332488429546e+09,-3.189299150747607392e+00
1.537836761827687025e+09,-3.189112868875894513e+00
1.579868423920732975e+09,-3.188931530243312107e+00
1.623048881947239399e+09,-3.188755004002970406e+00
1.667409534429902792e+09,-3.188583162754251354e+00
1.712982638065816402e+09,-3.188415882452943162e+00
1.759801331181766272e+09,-3.188253042323661468e+00
1.807899657830698490e+09,-3.188094524774530036e+00
1.857312592546716928e+09,-3.187940215314043702e+00
1.908076065776680946e+09,-3.187790002470041628e+00
1.960226990006921053e+09,-3.187643777710772675e+00
2.013803286604043961e+09,-3.187501435368000902e+00
2.068843913389309645e+09,-3.187362872562064187e+00
2.125388892966661215e+09,-3.187227989128881944e+00
2.183479341825040817e+09,-3.187096687548817808e+00
2.243157500236121655e+09,-3.186968872877405268e+00
2.304466762969151497e+09,-3.186844452677837225e+00
2.367451710845331192e+09,-3.186723336955217256e+00
2.432158143154574394e+09,-3.186605438092494857e+00
2.498633110958326817e+09,-3.186490670788066026e+00
2.566924951302603722e+09,-3.186378951994980113e+00
2.637083322366089344e+09,-3.186270200861748947e+00
2.709159239568889618e+09,-3.186164338674640550e+00
2.783205112668242455e+09,-3.186061288801514735e+00
2.859274783868114948e+09,-3.185960976637105091e+00
2.937423566970346928e+09,-3.185863329549704748e+00
3.017708287595916271e+09,-3.185768276829272772e+00
3.100187324505457401e+09,-3.185675749636828424e+00
3.184920652049201965e+09,-3.185585680955256294e+00
3.271969883777149677e+09,-3.185497992809779078e+00
3.361398317241126060e+09,-3.185412437966773425e+00
3.453270980021354675e+09,-3.185329156599443934e+00
3.547654677011063099e+09,-3.185248088363145769e+00
3.644618038993464470e+09,-3.185169174511317536e+00
3.744231572546371460e+09,-3.185092357853369194e+00
3.846567711310763836e+09,-3.185017582713639772e+00
3.951700868660773754e+09,-3.184944794891453324e+00
4.059707491812988281e+09,-3.184873941622172300e+00
4.170666117414896965e+09,-3.184804971539345608e+00
4.284657428652498245e+09,-3.184737834637772824e+00
4.401764313918768883e+09,-3.184672482237584035e+00
4.522071927085706711e+09,-3.184608866949231398e+00
4.645667749423715591e+09,-3.184546942639422618e+00
4.772641653213282585e+09,-3.184486664397935041e+00
4.903085967095254898e+09,-3.184427988505293960e+00
5.037095543207335472e+09,-3.184370872401312447e+00
5.174767826155530930e+09,-3.184315274654446970e+00
5.316202923870606422e+09,-3.184261154931966598e+00
5.461503680401268005e+09,-3.184208473970894016e+00
5.610775750696794510e+09,-3.184157193549728149e+00
5.764127677433714867e+09,-3.184107276460880431e+00
5.921670969942294121e+09,-3.184058686483875356e+00
6.083520185290120125e+09,-3.184011388359219374e+00
6.249793011581827164e+09,-3.183965347762987008e+00
6.420610353535654068e+09,-3.183920531282041111e+00
6.596096420398945808e+09,-3.183876906389952577e+00
6.776378816266409874e+09,-3.183834441423501804e+00
6.961588632867049217e+09,-3.183793105559844960e+00
7.151860544886984825e+09,-3.183752868794248680e+00
7.347332907897747040e+09,-3.183713701918432282e+00
7.548147858961113930e+09,-3.183675576499471305e+00
7.754451419983540535e+09,-3.183638464859264161e+00
7.966393603895422935e+09,-3.183602340054521029e+00
8.184128523732546806e+09,-3.183567175857319853e+00
8.407814504698924065e+09,-3.183532946736121971e+00
8.637614199292364120e+09,-3.183499627837341528e+00
8.873694705576610565e+09,-3.183467194967366964e+00
9.116227688686191559e+09,-3.183435624575066569e+00
9.365389505652210236e+09,-3.183404893734760766e+00
9.621361333639657974e+09,-3.183374980129646481e+00
9.884329301689842224e+09,-3.183345862035637630e+00
1.015448462606336212e+10,-3.183317518305666560e+00
1.043202374928244019e+10,-3.183289928354373188e+00
1.071714848297351837e+10,-3.183263072143201811e+00
1.101006615461380768e+10,-3.183236930165920242e+00
1.131098975828867722e+10,-3.183211483434469358e+00
1.162013810956964493e+10,-3.183186713465248729e+00
1.193773600462547874e+10,-3.183162602265704244e+00
1.226401438368182945e+10,-3.183139132321329168e+00
1.259921049894871521e+10,-3.183116286582958310e+00
1.294356808713751030e+10,-3.183094048454424119e+00
1.329733754669335747e+10,-3.183072401780548955e+00
1.366077611987165260e+10,-3.183051330835419357e+00
1.403414807979077721e+10,-3.183030820311012477e+00
1.441772492259726906e+10,-3.183010855306097397e+00
1.481178556488343239e+10,-3.182991421315438441e+00
1.521661654650070763e+10,-3.182972504219280907e+00
1.563251223891596603e+10,-3.182954090273118375e+00
1.605977505926285172e+10,-3.182936166097728226e+00
1.649871569024316406e+10,-3.182918718669477176e+00
1.694965330603884888e+10,-3.182901735310890601e+00
1.741291580439855957e+10,-3.182885203681427910e+00
1.788884004506725693e+10,-3.182869111768579895e+00
1.837777209473247147e+10,-3.182853447879116171e+00
1.888006747866565323e+10,-3.182838200630634162e+00
1.939609143924131775e+10,-3.182823358943291492e+00
1.992621920152164459e+10,-3.182808912031777737e+00
2.047083624609985352e+10,-3.182794849397479808e+00
2.103033858940167236e+10,-3.182781160820876032e+00
2.160513307164667130e+10,-3.182767836354129187e+00
2.219563765268141174e+10,-3.182754866313846520e+00
2.280228171589683151e+10,-3.182742241274080897e+00
2.342550638045362091e+10,-3.182729952059472289e+00
2.406576482203978729e+10,-3.182717989738603759e+00
2.472352260239646912e+10,-3.182706345617509314e+00
2.539925800784927750e+10,-3.182695011233374505e+00
2.609346239709226990e+10,-3.182683978348385345e+00
2.680664055847844696e+10,-3.182673238943755756e+00
2.753931107707406998e+10,-3.182662785213913104e+00
2.829200671174685287e+10,-3.182652609560816970e+00
2.906527478255889130e+10,-3.182642704588459992e+00
2.985967756874947739e+10,-3.182633063097492609e+00
3.067579271759360886e+10,-3.182623678079984586e+00
3.151421366443716812e+10,-3.182614542714369499e+00
3.237555006421045685e+10,-3.182605650360454064e+00
3.326042823473754120e+10,-3.182596994554628189e+00
3.416949161216078568e+10,-3.182588569005147860e+00
3.510340121881279755e+10,-3.182580367587592107e+00
3.606283614387755585e+10,-3.182572384340391913e+00
3.704849403718663788e+10,-3.182564613460515446e+00
3.806109161651409912e+10,-3.182557049299243879e+00
3.910136518873413086e+10,-3.182549686358091101e+00
4.017007118522536469e+10,-3.182542519284779381e+00
4.126798671190605927e+10,-3.182535542869372236e+00
4.239591011430519104e+10,-3.182528752040493458e+00
4.355466155807614899e+10,-3.182522141861626075e+00
4.474508362537691498e+10,-3.182515707527550308e+00
4.596804192755198669e+10,-3.182509444360830386e+00
4.722442573455732727e+10,-3.182503347808433691e+00
4.851514862159139252e+10,-3.182497413438408529e+00
4.984114913339675903e+10,-3.182491636936690238e+00
5.120339146672126770e+10,-3.182486014103931282e+00
5.260286617142878723e+10,-3.182480540852484108e+00
5.404059087077583313e+10,-3.182475213203414199e+00
5.551761100137113190e+10,-3.182470027283605951e+00
5.703500057336281586e+10,-3.182464979322969345e+00
5.859386295140059662e+10,-3.182460065651676828e+00
6.019533165694287109e+10,-3.182455282697511656e+00
6.184057119249464417e+10,-3.182450626983264641e+00
6.353077788836963654e+10,-3.182446095124217056e+00
6.526718077259976196e+10,-3.182441683825675938e+00
6.705104246461660767e+10,-3.182437389880576006e+00
6.888366009336299133e+10,-3.182433210167154414e+00
7.076636624049362183e+10,-3.182429141646692994e+00
7.270052990935958862e+10,-3.182425181361280053e+00
7.468755752047216797e+10,-3.182421326431689401e+00
7.672889393417871094e+10,-3.182417574055288245e+00
7.882602350128707886e+10,-3.182413921503967735e+00
8.098047114240533447e+10,-3.182410366122211620e+00
8.319380345678469849e+10,-3.182406905325112945e+00
8.546762986146434021e+10,-3.182403536596542182e+00
8.780360376155612183e+10,-3.182400257487280726e+00
9.020342375250970459e+10,-3.182397065613270293e+00
9.266883485524331665e+10,-3.182393958653863653e+00
9.520162978502682495e+10,-3.182390934350144640e+00
9.780365025505110168e+10,-3.182387990503273478e+00
1.004767883156224365e+11,-3.182385124972919588e+00
1.032229877299591980e+11,-3.182382335675662866e+00
1.060442453875954590e+11,-3.182379620583524193e+00
1.089426127564091187e+11,-3.182376977722454647e+00
1.119201973743431702e+11,-3.182374405170924181e+00
1.149791643818911896e+11,-3.182371901058516528e+00
1.181217380964755096e+11,-3.182369463564556966e+00
1.213502036298483124e+11,-3.182367090916824459e+00
1.246669085497066193e+11,-3.182364781390222053e+00
1.280742645867142944e+11,-3.182362533305554742e+00
1.315747493881871948e+11,-3.182360345028286019e+00
1.351709083197045135e+11,-3.182358214967366372e+00
1.388653563159610291e+11,-3.182356141574070207e+00
1.426607797822117004e+11,-3.182354123340866536e+00
1.465599385476777344e+11,-3.182352158800328290e+00
1.505656678723515015e+11,-3.182350246524069171e+00
1.546808805086413879e+11,-3.182348385121692935e+00
1.589085688193747864e+11,-3.182346573239793308e+00
1.632518069536793518e+11,-3.182344809560969878e+00
1.677137530823453369e+11,-3.182343092802860873e+00
1.722976516942732239e+11,-3.182341421717230112e+00
1.770068359556977539e+11,-3.182339795089034862e+00
1.818447301338861084e+11,-3.182338211735552758e+00
1.868148520870801392e+11,-3.182336670505542919e+00
1.919208158225000000e+11,-3.182335170278369318e+00
1.971663341242512512e+11,-3.182333709963220070e+00
2.025552212530692444e+11,-3.182332288498294748e+00
2.080913957198395081e+11,-3.182330904850043662e+00
2.137788831349361572e+11,-3.182329558012410242e+00
2.196218191354237976e+11,-3.182328247006102728e+00
2.256244523922791138e+11,-3.182326970877876526e+00
2.317911476997901611e+11,-3.182325728699857414e+00
2.381263891494079895e+11,-3.182324519568836330e+00
2.446347833903359375e+11,-3.182323342605653860e+00
2.513210629792355957e+11,-3.182322196954521232e+00
2.581900898214964905e+11,-3.182321081782419014e+00
2.652468587065455933e+11,-3.182319996278504703e+00
2.724965009397999268e+11,-3.182318939653480339e+00
2.799442880738692017e+11,-3.182317911139064037e+00
2.875956357417560425e+11,-3.182316909987409570e+00
2.954561075948060913e+11,-3.182315935470560131e+00
3.035314193483060913e+11,-3.182314986879933194e+00
3.118274429376433716e+11,-3.182314063525785386e+00
3.203502107880597534e+11,-3.182313164736737754e+00
3.291059202011181030e+11,-3.182312289859255294e+00
3.381009378610380859e+11,-3.182311438257203751e+00
3.473418044642202148e+11,-3.182310609311358007e+00
3.568352394752794189e+11,-3.182309802418981981e+00
3.665881460130923462e+11,-3.182309016993364104e+00
3.766076158703651123e+11,-3.182308252463403431e+00
3.869009346704178467e+11,-3.182307508273192198e+00
3.974755871648890381e+11,-3.182306783881609924e+00
4.083392626762574463e+11,-3.182306078761940604e+00
4.194998606891027832e+11,-3.182305392401466371e+00
4.309654965941831665e+11,-3.182304724301119769e+00
4.427445075895263062e+11,-3.182304073975110725e+00
4.548454587427801514e+11,-3.182303440950567275e+00
4.672771492192872925e+11,-3.182302824767194949e+00
4.800486186803532104e+11,-3.182302224976962357e+00
4.931691538564201660e+11,-3.182301641143734372e+00
5.066482952998661499e+11,-3.182301072842993683e+00
5.204958443224008789e+11,-3.182300519661510840e+00
5.347218701220396729e+11,-3.182299981197050265e+00
5.493367171049013062e+11,-3.182299457058080705e+00
5.643510124071013184e+11,-3.182298946863485689e+00
5.797756736222305908e+11,-3.182298450242281973e+00
5.956219167400627441e+11,-3.182297966833364633e+00
6.119012643022038574e+11,-3.182297496285231730e+00
6.286255537806885986e+11,-3.182297038255729404e+00
6.458069461855374756e+11,-3.182296592411811176e+00
6.634579349076148682e+11,-3.182296158429294586e+00
6.815913548031339111e+11,-3.182295735992606733e+00
7.002203915265003662e+11,-3.182295324794587099e+00
7.193585911181939697e+11,-3.182294924536237968e+00
7.390198698547452393e+11,-3.182294534926516150e+00
7.592185243678999023e+11,-3.182294155682121151e+00
7.799692420403572998e+11,-3.182293786527297996e+00
8.012871116856712646e+11,-3.182293427193614299e+00
8.231876345200047607e+11,-3.182293077419786620e+00
8.456867354338121338e+11,-3.182292736951488621e+00
8.688007745715419922e+11,-3.182292405541143232e+00
8.925465592278883057e+11,-3.182292082947779654e+00
9.169413560691285400e+11,-3.182291768936823750e+00
9.420029036885469971e+11,-3.182291463279946164e+00
9.677494255049810791e+11,-3.182291165754890461e+00
9.941996430139069824e+11,-3.182290876145322134e+00
1.021372789400737915e+12,-3.182290594240646087e+00
1.049288623526137451e+12,-3.182290319835888948e+00
1.077967444293641235e+12,-3.182290052731512553e+00
1.107430105409900391e+12,-3.182289792733293154e+00
1.137698030548418945e+12,-3.182289539652183308e+00
1.168793228927668457e+12,-3.182289293304157329e+00
1.200738311315053711e+12,-3.182289053510081178e+00
1.233556506468216309e+12,-3.182288820095592996e+00
1.267271678025781006e+12,-3.182288592890968992e+00
1.301908341859704346e+12,-3.182288371730998655e+00
1.337491683901891846e+12,-3.182288156454869288e+00
1.374047578458098877e+12,-3.182287946906043885e+00
1.411602607022300781e+12,-3.182287742932152330e+00
1.450184077605380127e+12,-3.182287544384875488e+00
1.489820044592007812e+12,-3.182287351119838181e+00
1.530539329140340088e+12,-3.182287162996518592e+00
1.572371540139176758e+12,-3.182286979878113264e+00
1.615347095738014160e+12,-3.182286801631479811e+00
1.659497245465447266e+12,-3.182286628127001915e+00
1.704854092952202393e+12,-3.182286459238520493e+00
1.751450619275165527e+12,-3.182286294843228447e+00
1.799320706939436035e+12,-3.182286134821582735e+00
1.848499164515926514e+12,-3.182285979057229319e+00
1.899021751952236328e+12,-3.182285827436909464e+00
1.950925206575436523e+12,-3.182285679850363813e+00
2.004247269805429932e+12,-3.182285536190284425e+00
2.059026714598559082e+12,-3.182285396352206863e+00
2.115303373641164307e+12,-3.182285260234445801e+00
2.173118168313843262e+12,-3.182285127738031960e+00
2.232513138447269043e+12,-3.182284998766615303e+00
2.293531472891282715e+12,-3.182284873226416622e+00
2.356217540919580078e+12,-3.182284751026150271e+00
2.420616924492604492e+12,-3.182284632076959774e+00
2.486776451402390137e+12,-3.182284516292349430e+00
2.554744229323152832e+12,-3.182284403588133692e+00
2.624569680792700684e+12,-3.182284293882355453e+00
2.696303579149782715e+12,-3.182284187095243855e+00
2.769998085453833496e+12,-3.182284083149147236e+00
2.845706786413620117e+12,-3.182283981968484277e+00
2.923484733352715820e+12,-3.182283883479684050e+00
3.003388482239846680e+12,-3.182283787611130066e+00
3.085476134813335938e+12,-3.182283694293107423e+00
3.169807380829668457e+12,-3.182283603457765508e+00
3.256443541466595703e+12,-3.182283515039050936e+00
3.345447613912720703e+12,-3.182283428972672468e+00
3.436884317175587402e+12,-3.182283345196048607e+00
3.530820139141990234e+12,-3.182283263648263194e+00
3.627323384924305176e+12,-3.182283184270012555e+00
3.726464226528434082e+12,-3.182283107003580191e+00
3.828314753879019043e+12,-3.182283031792782602e+00
3.932949027239493164e+12,-3.182282958582933308e+00
4.040443131064702637e+12,-3.182282887320793563e+00
4.150875229325407227e+12,-3.182282817954550147e+00
4.264325622345063477e+12,-3.182282750433761187e+00
4.380876805189792480e+12,-3.182282684709330400e+00
4.500613527654526367e+12,-3.182282620733465350e+00
4.623622855888391602e+12,-3.182282558459643695e+00
4.749994235704703125e+12,-3.182282497842587876e+00
4.879819557621040039e+12,-3.182282438838220706e+00
5.013193223677266602e+12,-3.182282381403637395e+00
5.150212216079503906e+12,-3.182282325497072684e+00
5.290976167720546875e+12,-3.182282271077870206e+00
5.435587434627522461e+12,-3.182282218106469607e+00
5.584151170389660156e+12,-3.182282166544344371e+00
5.736775402620518555e+12,-3.182282116354005375e+00
5.893571111509716797e+12,-3.182282067498954703e+00
6.054652310521987305e+12,-3.182282019943668772e+00
6.220136129301482422e+12,-3.182281973653573015e+00
6.390142898842397461e+12,-3.182281928595000142e+00
6.564796238987035156e+12,-3.182281884735187472e+00
6.744223148315736328e+12,-3.182281842042245401e+00
6.928554096493388672e+12,-3.182281800485124101e+00
7.117923119139909180e+12,-3.182281760033615292e+00
7.312467915293985352e+12,-3.182281720658299395e+00
7.512329947540236328e+12,-3.182281682330544648e+00
7.717654544873479492e+12,-3.182281645022476901e+00
7.928591008373971680e+12,-3.182281608706976073e+00
8.145292719771431641e+12,-3.182281573357633064e+00
8.367917252975781250e+12,-3.182281538948736888e+00
8.596626488656746094e+12,-3.182281505455279991e+00
8.831586731954554688e+12,-3.182281472852895199e+00
9.072968833408398438e+12,-3.182281441117882359e+00
9.320948313189714844e+12,-3.182281410227163043e+00
9.575705488730972656e+12,-3.182281380158280992e+00
9.837425605843132812e+12,-3.182281350889363924e+00
1.010629897341620117e+13,-3.182281322399131085e+00
1.038252110180201367e+13,-3.182281294666872817e+00
1.066629284497858789e+13,-3.182281267672412817e+00
1.095782054660074219e+13,-3.182281241396128557e+00
1.125731619004183789e+13,-3.182281215818912656e+00
1.156499755253712695e+13,-3.182281190922170211e+00
1.188108836353934766e+13,-3.182281166687787710e+00
1.220581846740316602e+13,-3.182281143098154796e+00
1.253942399051558008e+13,-3.182281120136106090e+00
1.288214751299425391e+13,-3.182281097784955826e+00
1.323423824507918359e+13,-3.182281076028451672e+00
1.359595220834465430e+13,-3.182281054850761848e+00
1.396755242186488672e+13,-3.182281034236499551e+00
1.434930909346701172e+13,-3.182281014170664779e+00
1.474149981621223047e+13,-3.182280994638674976e+00
1.514440977024619141e+13,-3.182280975626326835e+00
1.555833193016717578e+13,-3.182280957119791420e+00
1.598356727806140430e+13,-3.182280939105611939e+00
1.642042502236093750e+13,-3.182280921570691312e+00
1.686922282268397852e+13,-3.182280904502278851e+00
1.733028702081946094e+13,-3.182280887887966259e+00
1.780395287802590234e+13,-3.182280871715665427e+00
1.829056481881493750e+13,-3.182280855973623979e+00
1.879047668139898438e+13,-3.182280840650391518e+00
1.930405197498291797e+13,-3.182280825734827623e+00
1.983166414408914062e+13,-3.182280811216084526e+00
2.037369684010589062e+13,-3.182280797083603119e+00
2.093054420025856641e+13,-3.182280783327112950e+00
2.150261113420505469e+13,-3.182280769936608245e+00
2.209031361846413281e+13,-3.182280756902350127e+00
2.269407899889198828e+13,-3.182280744214861734e+00
2.331434630142458203e+13,-3.182280731864915779e+00
2.395156655131458984e+13,-3.182280719843537220e+00
2.460620310109213672e+13,-3.182280708141981940e+00
2.527873196749076953e+13,-3.182280696751740301e+00
2.596964217758060938e+13,-3.182280685664531816e+00
2.667943612436353125e+13,-3.182280674872292714e+00
2.740862993208569141e+13,-3.182280664367176826e+00
2.815775383153624219e+13,-3.182280654141544041e+00
2.892735254560254688e+13,-3.182280644187955865e+00
2.971798568536319531e+13,-3.182280634499181193e+00
3.053022815700812109e+13,-3.182280625068174551e+00
3.136467057987871094e+13,-3.182280615888070763e+00
3.222191971593563281e+13,-3.182280606952202273e+00
3.310259891096271094e+13,-3.182280598254063619e+00
3.400734854783172656e+13,-3.182280589787342073e+00
3.493682651215357031e+13,-3.182280581545868792e+00
3.589170867065860938e+13,-3.182280573523657896e+00
3.687268936264976562e+13,-3.182280565714872722e+00
3.788048190488995312e+13,-3.182280558113837809e+00
3.891581911028751562e+13,-3.182280550715024248e+00
3.997945382075815625e+13,-3.182280543513056781e+00
4.107215945465246094e+13,-3.182280536502688051e+00
4.219473056914314844e+13,-3.182280529678831016e+00
4.334798343798588281e+13,-3.182280523036514541e+00
4.453275664506864844e+13,-3.182280516570919815e+00
4.574991169418652344e+13,-3.182280510277333718e+00
4.700033363547979688e+13,-3.182280504151188349e+00
4.828493170899642188e+13,-3.182280498188029494e+00
4.960464000584232812e+13,-3.182280492383513959e+00
5.096041814740191406e+13,-3.182280486733425562e+00
5.235325198312488281e+13,-3.182280481233652036e+00
5.378415430738167188e+13,-3.182280475880202353e+00
5.525416559591514062e+13,-3.182280470669175187e+00
5.676435476241714844e+13,-3.182280465596785124e+00
5.831581993578734375e+13,-3.182280460659347554e+00
5.990968925863200000e+13,-3.182280455853264911e+00
6.154712170759092969e+13,-3.182280451175047098e+00
6.322930793608147656e+13,-3.182280446621289283e+00
6.495747114007978125e+13,-3.182280442188682557e+00
6.673286794756287500e+13,-3.182280437874004608e+00
6.855678933226059375e+13,-3.182280433674114839e+00
7.043056155238457812e+13,-3.182280429585961024e+00
7.235554711501023438e+13,-3.182280425606571761e+00
7.433314576682137500e+13,-3.182280421733055142e+00
7.636479551192885938e+13,-3.182280417962588537e+00
7.845197365751287500e+13,-3.182280414292433690e+00
8.059619788803921875e+13,-3.182280410719919850e+00
8.279902736884104688e+13,-3.182280407242453979e+00
8.506206387985789062e+13,-3.182280403857502549e+00
8.738695298036689062e+13,-3.182280400562608413e+00
8.977538520554464062e+13,-3.182280397355368606e+00
9.222909729573282812e+13,-3.182280394233459653e+00
9.474987345930581250e+13,-3.182280391194607816e+00
9.733954667004845312e+13,-3.182280388236601532e+00
1.000000000000000000e+14,-3.182280385357295849e+00
